region;comuna
XV de Arica y Parinacota;Arica
XV de Arica y Parinacota;Camarones
XV de Arica y Parinacota;Putre
XV de Arica y Parinacota;General Lagosˇˇˇˇˇ
I de Tarapac†;Alto Hospicio
I de Tarapac†;Iquique
I de Tarapac†;Huara
I de Tarapac†;Cami§a
I de Tarapac†;Colchane
I de Tarapac†;Pica
I de Tarapac†;Pozo Almonte
II de Antofagasta;Tocopilla
II de Antofagasta;Mar°a Elena
II de Antofagasta;Calama
II de Antofagasta;OllagÅe
II de Antofagasta;San Pedro de Atacama
II de Antofagasta;Antofagasta
II de Antofagasta;Mejillones
II de Antofagasta;Sierra Gorda
II de Antofagasta;Taltal
III de Atacama;Cha§aral
III de Atacama;Diego de Almagro
III de Atacama;Copiap¢
III de Atacama;Caldera
III de Atacama;Tierra Amarilla
III de Atacama;Vallenar
III de Atacama;Freirina
III de Atacama;Huasco
III de Atacama;Alto del Carmen
IV de Coquimbo;La Serena
IV de Coquimbo;La Higuera
IV de Coquimbo;Coquimbo
IV de Coquimbo;Andacollo
IV de Coquimbo;Vicu§a
IV de Coquimbo;Paihuano
IV de Coquimbo;Ovalle
IV de Coquimbo;R°o Hurtado
IV de Coquimbo;Monte Patria
IV de Coquimbo;Combarbal†
IV de Coquimbo;Punitaqui
IV de Coquimbo;Illapel
IV de Coquimbo;Salamanca
IV de Coquimbo;Los Vilos
IV de Coquimbo;Canela
V de Valpara°so;La Ligua
V de Valpara°so;Petorca
V de Valpara°so;Cabildo
V de Valpara°so;Zapallar
V de Valpara°so;Papudo
V de Valpara°so;Los Andes
V de Valpara°so;San Esteban
V de Valpara°so;Calle Larga
V de Valpara°so;Rinconada
V de Valpara°so;San Felipe
V de Valpara°so;Putaendo
V de Valpara°so;Santa Mar°a
V de Valpara°so;Panquehue
V de Valpara°so;Llaillay
V de Valpara°so;Catemu
V de Valpara°so;Quillota
V de Valpara°so;La Cruz
V de Valpara°so;Calera
V de Valpara°so;Nogales
V de Valpara°so;Hijuelas
V de Valpara°so;Limache
V de Valpara°so;OlmuÇ
V de Valpara°so;Valpara°so
V de Valpara°so;Vi§a del Mar
V de Valpara°so;Quintero
V de Valpara°so;Puchuncav°
V de Valpara°so;QuilpuÇ
V de Valpara°so;Villa Alemana
V de Valpara°so;Casablanca
V de Valpara°so;Conc¢n
V de Valpara°so;Juan Fern†ndez
V de Valpara°so;San Antonio
V de Valpara°so;Cartagena
V de Valpara°so;El Tabo
V de Valpara°so;El Quisco
V de Valpara°so;Algarrobo
V de Valpara°so;Santo Domingo
V de Valpara°so;Isla de Pascua
VI del Libertador General Bernardo O'Higgins;Rancagua
VI del Libertador General Bernardo O'Higgins;Graneros
VI del Libertador General Bernardo O'Higgins;Mostazal
VI del Libertador General Bernardo O'Higgins;Codegua
VI del Libertador General Bernardo O'Higgins;Machal°
VI del Libertador General Bernardo O'Higgins;Olivar
VI del Libertador General Bernardo O'Higgins;Requinoa
VI del Libertador General Bernardo O'Higgins;Rengo
VI del Libertador General Bernardo O'Higgins;Malloa
VI del Libertador General Bernardo O'Higgins;Quinta de Tilcoco
VI del Libertador General Bernardo O'Higgins;San Vicente
VI del Libertador General Bernardo O'Higgins;Pichidegua
VI del Libertador General Bernardo O'Higgins;Peumo
VI del Libertador General Bernardo O'Higgins;Coltauco
VI del Libertador General Bernardo O'Higgins;Coinco
VI del Libertador General Bernardo O'Higgins;Do§ihue
VI del Libertador General Bernardo O'Higgins;Las Cabras
VI del Libertador General Bernardo O'Higgins;San Fernando
VI del Libertador General Bernardo O'Higgins;Chimbarongo
VI del Libertador General Bernardo O'Higgins;Placilla
VI del Libertador General Bernardo O'Higgins;Nancagua
VI del Libertador General Bernardo O'Higgins;ChÇpica
VI del Libertador General Bernardo O'Higgins;Santa Cruz
VI del Libertador General Bernardo O'Higgins;Lolol
VI del Libertador General Bernardo O'Higgins;Pumanque
VI del Libertador General Bernardo O'Higgins;Palmilla
VI del Libertador General Bernardo O'Higgins;Peralillo
VI del Libertador General Bernardo O'Higgins;Pichilemu
VI del Libertador General Bernardo O'Higgins;Navidad
VI del Libertador General Bernardo O'Higgins;Litueche
VI del Libertador General Bernardo O'Higgins;La Estrella
VI del Libertador General Bernardo O'Higgins;Marchihue
VI del Libertador General Bernardo O'Higgins;Paredones
VII del Maule;Curic¢
VII del Maule;Teno
VII del Maule;Romeral
VII del Maule;Molina
VII del Maule;Sagrada Familia
VII del Maule;Huala§Ç
VII del Maule;LicantÇn
VII del Maule;VichuquÇn
VII del Maule;Rauco
VII del Maule;Talca
VII del Maule;Pelarco
VII del Maule;R°o Claro
VII del Maule;San Clemente
VII del Maule;Maule
VII del Maule;San Rafael
VII del Maule;Empedrado
VII del Maule;Pencahue
VII del Maule;Constituci¢n
VII del Maule;Curepto
VII del Maule;Linares
VII del Maule;Yerbas Buenas
VII del Maule;Colb£n
VII del Maule;Longav°
VII del Maule;Parral
VII del Maule;Retiro
VII del Maule;Villa Alegre
VII del Maule;San Javier
VII del Maule;Cauquenes
VII del Maule;Pelluhue
VII del Maule;Chanco
VIII del Biob°o;Chill†n
VIII del Biob°o;San Carlos
VIII del Biob°o;•iquÇn
VIII del Biob°o;San Fabi†n
VIII del Biob°o;Coihueco
VIII del Biob°o;Pinto
VIII del Biob°o;San Ignacio
VIII del Biob°o;El Carmen
VIII del Biob°o;Yungay
VIII del Biob°o;Pemuco
VIII del Biob°o;Bulnes
VIII del Biob°o;Quill¢n
VIII del Biob°o;R†nquil
VIII del Biob°o;Portezuelo
VIII del Biob°o;Coelemu
VIII del Biob°o;Treguaco
VIII del Biob°o;Cobquecura
VIII del Biob°o;Quirihue
VIII del Biob°o;Ninhue
VIII del Biob°o;San Nicol†s
VIII del Biob°o;Chill†n Viejo
VIII del Biob°o;Alto Biob°o
VIII del Biob°o;Los Angeles
VIII del Biob°o;Cabrero
VIII del Biob°o;Tucapel
VIII del Biob°o;Antuco
VIII del Biob°o;Quilleco
VIII del Biob°o;Santa B†rbara
VIII del Biob°o;Quilaco
VIII del Biob°o;MulchÇn
VIII del Biob°o;Negrete
VIII del Biob°o;Nacimiento
VIII del Biob°o;Laja
VIII del Biob°o;San Rosendo
VIII del Biob°o;Yumbel
VIII del Biob°o;Concepci¢n
VIII del Biob°o;Talcahuano
VIII del Biob°o;Penco
VIII del Biob°o;TomÇ
VIII del Biob°o;Florida
VIII del Biob°o;HualpÇn
VIII del Biob°o;Hualqui
VIII del Biob°o;Santa Juana
VIII del Biob°o;Lota
VIII del Biob°o;Coronel
VIII del Biob°o;San Pedro de la Paz
VIII del Biob°o;Chiguayante
VIII del Biob°o;Lebu
VIII del Biob°o;Arauco
VIII del Biob°o;Curanilahue
VIII del Biob°o;Los Alamos
VIII del Biob°o;Ca§ete
VIII del Biob°o;Contulmo
VIII del Biob°o;Tirua
IX de la Araucan°a;Angol
IX de la Araucan°a;Renaico
IX de la Araucan°a;Collipulli
IX de la Araucan°a;Lonquimay
IX de la Araucan°a;Curacaut°n
IX de la Araucan°a;Ercilla
IX de la Araucan°a;Victoria
IX de la Araucan°a;TraiguÇn
IX de la Araucan°a;Lumaco
IX de la Araucan°a;PurÇn
IX de la Araucan°a;Los Sauces
IX de la Araucan°a;Temuco
IX de la Araucan°a;Lautaro
IX de la Araucan°a;Perquenco
IX de la Araucan°a;Vilc£n
IX de la Araucan°a;Cholchol
IX de la Araucan°a;Cunco
IX de la Araucan°a;Melipeuco
IX de la Araucan°a;Curarrehue
IX de la Araucan°a;Puc¢n
IX de la Araucan°a;Villarrica
IX de la Araucan°a;Freire
IX de la Araucan°a;PitrufquÇn
IX de la Araucan°a;Gorbea
IX de la Araucan°a;Loncoche
IX de la Araucan°a;ToltÇn
IX de la Araucan°a;Teodoro Schmidt
IX de la Araucan°a;Saavedra
IX de la Araucan°a;Carahue
IX de la Araucan°a;Nueva Imperial
IX de la Araucan°a;Galvarino
IX de la Araucan°a;Padre las Casas
XIV de los R°os;Valdivia
XIV de los R°os;Mariquina
XIV de los R°os;Lanco
XIV de los R°os;M†fil
XIV de los R°os;Corral
XIV de los R°os;Los Lagos
XIV de los R°os;Panguipulli
XIV de los R°os;Paillaco
XIV de los R°os;La Uni¢n
XIV de los R°os;Futrono
XIV de los R°os;R°o Bueno
XIV de los R°os;Lago Ranco
X de los Lagos;Osorno
X de los Lagos;San Pablo
X de los Lagos;Puyehue
X de los Lagos;Puerto Octay
X de los Lagos;Purranque
X de los Lagos;R°o Negro
X de los Lagos;San Juan de la Costa
X de los Lagos;Puerto Montt
X de los Lagos;Puerto Varas
X de los Lagos;Cocham¢
X de los Lagos;Calbuco
X de los Lagos;Maull°n
X de los Lagos;Los Muermos
X de los Lagos;Fresia
X de los Lagos;Llanquihue
X de los Lagos;Frutillar
X de los Lagos;Castro
X de los Lagos;Ancud
X de los Lagos;Quemchi
X de los Lagos;Dalcahue
X de los Lagos;Curaco de VÇlez
X de los Lagos;Quinchao
X de los Lagos;Puqueld¢n
X de los Lagos;Chonchi
X de los Lagos;QueilÇn
X de los Lagos;Quell¢n
X de los Lagos;ChaitÇn
X de los Lagos;HualaihuÇ
X de los Lagos;Futaleuf£
X de los Lagos;Palena
XI AysÇn del General Carlos Ib†§ez del Campo;Coyhaique
XI AysÇn del General Carlos Ib†§ez del Campo;Lago Verde
XI AysÇn del General Carlos Ib†§ez del Campo;AysÇn
XI AysÇn del General Carlos Ib†§ez del Campo;Cisnes
XI AysÇn del General Carlos Ib†§ez del Campo;Guaitecas
XI AysÇn del General Carlos Ib†§ez del Campo;Chile Chico
XI AysÇn del General Carlos Ib†§ez del Campo;R°o Ib†nez
XI AysÇn del General Carlos Ib†§ez del Campo;Cochrane
XI AysÇn del General Carlos Ib†§ez del Campo;O'Higgins
XI AysÇn del General Carlos Ib†§ez del Campo;Tortel
XII de Magallanes y Ant†rtica Chilena;Natales
XII de Magallanes y Ant†rtica Chilena;Torres del Paine
XII de Magallanes y Ant†rtica Chilena;Punta Arenas
XII de Magallanes y Ant†rtica Chilena;R°o Verde
XII de Magallanes y Ant†rtica Chilena;Laguna Blanca
XII de Magallanes y Ant†rtica Chilena;San Gregorio
XII de Magallanes y Ant†rtica Chilena;Porvenir
XII de Magallanes y Ant†rtica Chilena;Primavera
XII de Magallanes y Ant†rtica Chilena;Timaukel
XII de Magallanes y Ant†rtica Chilena;Cabo de Hornos
XII de Magallanes y Ant†rtica Chilena;Ant†rtica
Metropolitana de Santiago;Santiago
Metropolitana de Santiago;Independencia
Metropolitana de Santiago;Conchal°
Metropolitana de Santiago;Huechuraba
Metropolitana de Santiago;Recoleta
Metropolitana de Santiago;Providencia
Metropolitana de Santiago;Vitacura
Metropolitana de Santiago;Lo Barnechea
Metropolitana de Santiago;Las Condes
Metropolitana de Santiago;•u§oa
Metropolitana de Santiago;La Reina
Metropolitana de Santiago;Macul
Metropolitana de Santiago;Pe§alolÇn
Metropolitana de Santiago;La Florida
Metropolitana de Santiago;San Joaqu°n
Metropolitana de Santiago;La Granja
Metropolitana de Santiago;La Pintana
Metropolitana de Santiago;San Ram¢n
Metropolitana de Santiago;San Miguel
Metropolitana de Santiago;La Cisterna
Metropolitana de Santiago;El Bosque
Metropolitana de Santiago;Pedro Aguirre Cerda
Metropolitana de Santiago;Lo Espejo
Metropolitana de Santiago;Estaci¢n Central
Metropolitana de Santiago;Cerrillos
Metropolitana de Santiago;Maip£
Metropolitana de Santiago;Quinta Normal
Metropolitana de Santiago;Lo Prado
Metropolitana de Santiago;Pudahuel
Metropolitana de Santiago;Cerro Navia
Metropolitana de Santiago;Renca
Metropolitana de Santiago;Quilicura
Metropolitana de Santiago;Colina
Metropolitana de Santiago;Lampa
Metropolitana de Santiago;Tiltil
Metropolitana de Santiago;Puente Alto
Metropolitana de Santiago;San JosÇ de Maipo
Metropolitana de Santiago;Pirque
Metropolitana de Santiago;San Bernardo
Metropolitana de Santiago;Buin
Metropolitana de Santiago;Paine
Metropolitana de Santiago;Calera de Tango
Metropolitana de Santiago;Melipilla
Metropolitana de Santiago;Mar°a Pinto
Metropolitana de Santiago;Curacav°
Metropolitana de Santiago;AlhuÇ
Metropolitana de Santiago;San Pedro
Metropolitana de Santiago;Talagante
Metropolitana de Santiago;Pe§aflor
Metropolitana de Santiago;Isla de Maipo
Metropolitana de Santiago;El Monte
Metropolitana de Santiago;Padre Hurtado
